Asset_ID,Asset_Type,Operating_System,Department,Location,Owner,Status,Last_Patch_Date,Criticality,Internet_Exposed,Security_Tool,Lifecycle_Status,Vulnerability_Status,Asset_Condition,Data_Sensitivity,Connectivity_Level,End_of_Support,Days_Since_Patch,Days_Until_End_of_Support,Patch_Status,Risk_Score,Triage_Priority,Risk_Factor_Count
HC-001,Database Server,Windows Server 2022,Health Information,Data Center,Health IT,Active,2026-09-15,Critical,No,EDR,Active,Current,Healthy,Patient Data,Restricted,2031-01-01,17,1552,Current,5,Low Priority,2
HC-002,Application Server,Windows Server 2019,Clinical Operations,Data Center,Clinical IT,Active,2026-05-01,High,Yes,EDR,Active,Review Required,Healthy,Patient Data,Internet-Facing,2029-01-01,154,822,Review Required,8,Medium Priority,3
HC-003,Medical Device,Embedded OS,Radiology,Radiology,Biomedical IT,Active,2025-12-01,Critical,No,None,Aging,Vulnerable,Degraded,Patient Data,Restricted,2027-01-01,305,91,Review Required,13,High Priority,6
HC-004,Workstation,Windows 11,Clinical Operations,Nursing Station,Clinical IT,Active,2026-08-20,High,No,EDR,Active,Current,Healthy,Patient Data,Internal,2031-01-01,43,1552,Current,4,Low Priority,1
HC-005,Laptop,Windows 11,Administration,Administration,Corporate IT,Active,2026-07-15,Medium,Yes,EDR,Active,Current,Healthy,Organizational Data,Internet-Facing,2031-01-01,79,1552,Current,3,Low Priority,1
HC-006,Network Switch,Network OS,Network Operations,Data Center,Network Team,Active,2026-08-01,High,No,Network Monitoring,Active,Current,Healthy,Infrastructure Data,Internal,2030-01-01,62,1187,Current,2,Low Priority,0
HC-007,Research Server,Ubuntu Linux,Research,Research Lab,Research IT,Active,2026-04-15,Critical,No,EDR,Active,Review Required,Healthy,Research Data,Restricted,2030-01-01,170,1187,Review Required,7,Medium Priority,3
HC-008,Medical Device,Embedded OS,Cardiology,Cardiology,Biomedical IT,Active,2025-10-01,High,No,None,Aging,Vulnerable,Defective,Patient Data,Internal,2026-12-31,366,90,Review Required,13,High Priority,5
HC-009,File Server,Windows Server 2019,Health Information,Data Center,Health IT,Active,2026-03-01,Critical,No,EDR,Active,Review Required,Healthy,Patient Data,Restricted,2029-01-01,215,822,Review Required,7,Medium Priority,3
HC-010,Workstation,Windows 10,Clinical Operations,Nursing Station,Desktop Support,Active,2026-09-01,Medium,No,EDR,End-of-Support,Vulnerable,Degraded,Organizational Data,Internal,2025-10-14,31,-353,Current,7,Medium Priority,3
HC-011,Database Server,Windows Server 2016,Health Information,Data Center,Health IT,Active,2025-08-01,Critical,No,None,End-of-Support,Vulnerable,Degraded,Patient Data,Restricted,2027-01-01,427,91,Review Required,15,High Priority,7
HC-012,Firewall,Network OS,Network Operations,Network Room,Network Team,Active,2026-09-20,Critical,Yes,Firewall Monitoring,Active,Current,Healthy,Infrastructure Data,Internet-Facing,2032-01-01,12,1917,Current,5,Low Priority,2
HC-013,Medical Device,Embedded OS,Emergency Department,Emergency Department,Biomedical IT,Active,2025-06-01,High,No,None,End-of-Support,Vulnerable,Defective,Patient Data,Internal,2026-12-31,488,90,Review Required,15,High Priority,6
HC-014,Application Server,Windows Server 2022,Clinical Operations,Data Center,Clinical IT,Active,2026-06-15,High,Yes,EDR,Active,Review Required,Healthy,Patient Data,Internet-Facing,2031-01-01,109,1552,Review Required,8,Medium Priority,3
HC-015,Laptop,Windows 11,Research,Research Lab,Research IT,Active,2026-01-15,Medium,Yes,EDR,Aging,Review Required,Degraded,Research Data,Internet-Facing,2030-01-01,260,1187,Review Required,8,Medium Priority,4
